TransactionID,CustomerID,ProductID,PurchaseDate,PaymentAmount,PaymentMethod,PurchaseID,PurchaseOrderNumber,CurrencyCode,Quantity,PriceTotal
96610d4e-111,AIC5TQX3XSXR,P848,30-05-2024 23:45,687.63,Credit Card,e8b167be-7d3,eae94e97-d74,GBP,3,GBP 2062.89
96610d4e-111,AIC5TQX3XSXR,P195,30-05-2024 23:45,526.92,Credit Card,e8b167be-7d3,eae94e97-d74,GBP,1,GBP 526.92
7c658c80-f6c,LEW5RFJ9RYGT,P538,09-01-2024 12:53,106.75,Credit Card,f4c28da1-2af,d307eb88-90d,USD,1,USD 106.75
99857fe1-6c7,GZL3TVH4FGUC,P821,22-07-2024 10:46,842.72,Bank Transfer,47a79db6-dd1,60fe38d9-52c,CAD,3,CAD 2528.16
99857fe1-6c7,GZL3TVH4FGUC,P538,22-07-2024 10:46,506.28,Bank Transfer,47a79db6-dd1,60fe38d9-52c,CAD,2,CAD 1012.56
99857fe1-6c7,GZL3TVH4FGUC,P140,22-07-2024 10:46,913.51,Bank Transfer,47a79db6-dd1,60fe38d9-52c,CAD,2,CAD 1827.02
d06fa152-bbc,,P408,01-02-2024 15:15,441.08,PayPal,7e0ea206-ac0,50ed3dd4-118,CAD,1,CAD 441.08
d06fa152-bbc,,P401,01-02-2024 15:15,22.6,PayPal,7e0ea206-ac0,50ed3dd4-118,CAD,2,CAD 45.20
81613e39-09b,RUZ2WWL3LSSF,P113,24-01-2024 23:25,759.89,PayPal,29a000e9-d71,02f09ed9-21d,CAD,3,CAD 2279.67
81613e39-09b,RUZ2WWL3LSSF,P679,24-01-2024 23:25,337.11,PayPal,29a000e9-d71,02f09ed9-21d,CAD,1,CAD 337.11
81613e39-09b,RUZ2WWL3LSSF,P840,24-01-2024 23:25,799.69,PayPal,29a000e9-d71,02f09ed9-21d,CAD,3,CAD 2399.07
cb5538aa-ce9,MXL7QEV8CCRM,P208,07-02-2024 01:38,596.57,Credit Card,09193a72-0ba,00062558-634,GBP,1,GBP 596.57
cb5538aa-ce9,MXL7QEV8CCRM,P747,07-02-2024 01:38,624.32,Credit Card,09193a72-0ba,00062558-634,GBP,1,GBP 624.32
8d8aa1c8-64d,XXS0AIY8PVJK,P125,19-02-2024 05:08,290.67,PayPal,d748ff50-395,525be3c4-a21,USD,1,USD 290.67
8d8aa1c8-64d,XXS0AIY8PVJK,P539,19-02-2024 05:08,136.84,PayPal,d748ff50-395,525be3c4-a21,USD,2,USD 273.68
53cec326-993,,P633,18-01-2024 11:17,735.81,Bank Transfer,10b5de75-619,98769d28-fba,USD,3,USD 2207.43
53cec326-993,,P355,18-01-2024 11:17,147.49,Bank Transfer,10b5de75-619,98769d28-fba,USD,2,USD 294.98
53cec326-993,,P148,18-01-2024 11:17,964.09,Bank Transfer,10b5de75-619,98769d28-fba,USD,1,USD 964.09
cca40fc1-25b,HMV2DED3CDJP,P876,05-08-2024 20:44,989.29,Credit Card,1952a7f8-2ba,97739aed-aca,CAD,3,CAD 2967.87
cca40fc1-25b,HMV2DED3CDJP,P757,05-08-2024 20:44,528.23,Credit Card,1952a7f8-2ba,97739aed-aca,CAD,1,CAD 528.23
cca40fc1-25b,HMV2DED3CDJP,P355,05-08-2024 20:44,956.02,Credit Card,1952a7f8-2ba,97739aed-aca,CAD,2,CAD 1912.04
5f858353-87b,WSZ5FTP2HIUK,P419,17-07-2024 05:21,872.48,Debit Card,ba2bd6c0-6d2,d3edbd49-98a,CAD,3,CAD 2617.44
5f858353-87b,WSZ5FTP2HIUK,P275,17-07-2024 05:21,177.69,Debit Card,ba2bd6c0-6d2,d3edbd49-98a,CAD,2,CAD 355.38
5f858353-87b,WSZ5FTP2HIUK,P653,17-07-2024 05:21,462.96,Debit Card,ba2bd6c0-6d2,d3edbd49-98a,CAD,1,CAD 462.96
1cfd7fa0-f57,,P125,16-04-2024 16:52,483.46,Bank Transfer,c5151225-dc8,01cfe06b-832,CAD,1,CAD 483.46
9a4c2634-d16,ZFT1LSW4BEOQ,P419,06-05-2024 22:07,771.24,PayPal,289b4740-65c,b5cf299f-eb6,USD,1,USD 771.24
9a4c2634-d16,ZFT1LSW4BEOQ,P863,06-05-2024 22:07,62.9,PayPal,289b4740-65c,b5cf299f-eb6,USD,1,USD 62.90
33b89b45-92e,,P125,15-03-2024 09:25,224.61,Credit Card,5cd1c768-98c,09b9c2de-4fd,CAD,3,CAD 673.83
33b89b45-92e,,P565,15-03-2024 09:25,247.24,Credit Card,5cd1c768-98c,09b9c2de-4fd,CAD,1,CAD 247.24
08b06d79-35e,GUN1GPQ5KTVX,P840,20-08-2024 18:37,353.66,Bank Transfer,dbb75990-42c,04c8965d-b80,USD,3,USD 1060.98
08b06d79-35e,GUN1GPQ5KTVX,P138,20-08-2024 18:37,883.46,Bank Transfer,dbb75990-42c,04c8965d-b80,USD,1,USD 883.46
713429fb-c27,,P888,28-03-2024 12:21,759.59,PayPal,ecc97363-3f3,a0a9e494-7ec,USD,1,USD 759.59
a6156b3f-464,PRH7WFR3TNIL,P772,01-02-2024 04:40,75.58,PayPal,718c86e1-64c,50867eaf-ade,GBP,1,GBP 75.58
a6156b3f-464,PRH7WFR3TNIL,P517,01-02-2024 04:40,736.34,PayPal,718c86e1-64c,50867eaf-ade,GBP,3,GBP 2209.02
02f9e9d9-d79,,P888,11-02-2024 04:10,47.62,Debit Card,5dd42829-548,e68ee70a-29c,USD,1,USD 47.62
02f9e9d9-d79,,P595,11-02-2024 04:10,86.97,Debit Card,5dd42829-548,e68ee70a-29c,USD,3,USD 260.91
a133c67b-c3f,,P191,16-07-2024 22:53,390.55,Credit Card,9bf69ec8-e15,2763528a-075,GBP,3,GBP 1171.65
a133c67b-c3f,,P753,16-07-2024 22:53,962.69,Credit Card,9bf69ec8-e15,2763528a-075,GBP,2,GBP 1925.38
a133c67b-c3f,,P810,16-07-2024 22:53,755.7,Credit Card,9bf69ec8-e15,2763528a-075,GBP,1,GBP 755.70
1749927b-6a8,TYX6YWL7EOCO,P419,17-07-2024 21:05,412.37,PayPal,66ee3e90-b19,4a7623ea-a41,USD,2,USD 824.74
b25bf6cd-573,SRU2VEZ6KUKH,P443,04-03-2024 23:00,79.9,Debit Card,e3c8c064-5e9,2aaf47f8-373,CAD,1,CAD 79.90
b25bf6cd-573,SRU2VEZ6KUKH,P457,04-03-2024 23:00,434.2,Debit Card,e3c8c064-5e9,2aaf47f8-373,CAD,1,CAD 434.20
9cf84e2e-1df,JID7IBA6WJFV,P308,10-05-2024 15:06,277.09,PayPal,428b0148-28b,26cd0687-00b,USD,3,USD 831.27
9cf84e2e-1df,JID7IBA6WJFV,P113,10-05-2024 15:06,673.88,PayPal,428b0148-28b,26cd0687-00b,USD,1,USD 673.88
9cf84e2e-1df,JID7IBA6WJFV,P537,10-05-2024 15:06,409.96,PayPal,428b0148-28b,26cd0687-00b,USD,2,USD 819.92
36aaf082-2bd,TOL1JXR6HSQQ,P687,08-03-2024 17:23,721.64,PayPal,e0305065-21d,b3ed1129-737,GBP,3,GBP 2164.92
36aaf082-2bd,TOL1JXR6HSQQ,P614,08-03-2024 17:23,61.85,PayPal,e0305065-21d,b3ed1129-737,GBP,1,GBP 61.85
36aaf082-2bd,TOL1JXR6HSQQ,P761,08-03-2024 17:23,743.59,PayPal,e0305065-21d,b3ed1129-737,GBP,1,GBP 743.59
fc84d7ef-1b2,ASC9ZEH8HSTQ,P558,03-06-2024 14:48,442.47,Debit Card,2f85897a-f27,62bc7562-c8c,GBP,2,GBP 884.94
fc84d7ef-1b2,ASC9ZEH8HSTQ,P473,03-06-2024 14:48,745.08,Debit Card,2f85897a-f27,62bc7562-c8c,GBP,2,GBP 1490.16
6565bc3b-0ee,,P506,13-01-2024 07:52,396,Debit Card,241999d1-968,6bd50efa-7e9,USD,3,USD 1188.00
39962d25-d90,,P418,09-02-2024 16:41,546.96,Debit Card,35a98402-c33,4395ec3e-421,CAD,3,CAD 1640.88
39962d25-d90,,P356,09-02-2024 16:41,452.77,Debit Card,35a98402-c33,4395ec3e-421,CAD,3,CAD 1358.31
39962d25-d90,,P539,09-02-2024 16:41,69.07,Debit Card,35a98402-c33,4395ec3e-421,CAD,3,CAD 207.21
1f0212a8-ef0,WAU2GMS8XGYE,P633,18-05-2024 03:35,566.88,PayPal,d0b26eea-5a7,25306be5-a9a,GBP,2,GBP 1133.76
fe69cbb4-29c,,P355,14-07-2024 00:59,784.51,Bank Transfer,ce61516c-7b8,899c66e4-bb8,USD,1,USD 784.51
fe69cbb4-29c,,P863,14-07-2024 00:59,634.31,Bank Transfer,ce61516c-7b8,899c66e4-bb8,USD,1,USD 634.31
fe69cbb4-29c,,P861,14-07-2024 00:59,690.18,Bank Transfer,ce61516c-7b8,899c66e4-bb8,USD,2,USD 1380.36
152855dd-d99,,P355,15-04-2024 06:38,851.58,Debit Card,cfc57a00-8f2,84519b65-cef,CAD,1,CAD 851.58
152855dd-d99,,P396,15-04-2024 06:38,594.25,Debit Card,cfc57a00-8f2,84519b65-cef,CAD,3,CAD 1782.75
152855dd-d99,,P639,15-04-2024 06:38,630.51,Debit Card,cfc57a00-8f2,84519b65-cef,CAD,3,CAD 1891.53
3a72a360-e32,TGQ2IIA9CNRT,P517,04-04-2024 12:17,377.3,Credit Card,25015bef-60b,546cf3d0-6a6,GBP,2,GBP 754.60
3a72a360-e32,TGQ2IIA9CNRT,P191,04-04-2024 12:17,887.84,Credit Card,25015bef-60b,546cf3d0-6a6,GBP,2,GBP 1775.68
3a72a360-e32,TGQ2IIA9CNRT,P698,04-04-2024 12:17,338.36,Credit Card,25015bef-60b,546cf3d0-6a6,GBP,3,GBP 1015.08
0012d6ca-46f,UWC6DSK6ZPDT,P761,01-03-2024 15:27,49.04,Debit Card,746f8626-648,a51605d0-d87,CAD,2,CAD 98.08
0012d6ca-46f,UWC6DSK6ZPDT,P483,01-03-2024 15:27,196.71,Debit Card,746f8626-648,a51605d0-d87,CAD,3,CAD 590.13
0012d6ca-46f,UWC6DSK6ZPDT,P147,01-03-2024 15:27,198.34,Debit Card,746f8626-648,a51605d0-d87,CAD,1,CAD 198.34
be408778-af0,,P401,21-01-2024 13:25,327.8,Debit Card,5d73eb5a-113,38e83b54-2fe,GBP,2,GBP 655.60
be408778-af0,,P802,21-01-2024 13:25,149.37,Debit Card,5d73eb5a-113,38e83b54-2fe,GBP,2,GBP 298.74
b7a7e92e-085,CZZ1LXH1SIZM,P125,26-06-2024 03:20,335.77,Credit Card,907a2074-ceb,f5036729-515,USD,2,USD 671.54
32eaedb7-8a9,RIC8YXW6CJCN,P216,30-03-2024 03:38,701.05,PayPal,73e09da2-4b4,4a2d4c57-390,GBP,2,GBP 1402.10
32eaedb7-8a9,RIC8YXW6CJCN,P147,30-03-2024 03:38,778.07,PayPal,73e09da2-4b4,4a2d4c57-390,GBP,2,GBP 1556.14
59a91dde-bdf,SLW8EWP9WLZG,P446,02-06-2024 13:43,790.24,Bank Transfer,4f24532f-2ff,f3a0ab7e-c31,USD,3,USD 2370.72
59a91dde-bdf,SLW8EWP9WLZG,P148,02-06-2024 13:43,888.41,Bank Transfer,4f24532f-2ff,f3a0ab7e-c31,USD,3,USD 2665.23
59a91dde-bdf,SLW8EWP9WLZG,P147,02-06-2024 13:43,913.51,Bank Transfer,4f24532f-2ff,f3a0ab7e-c31,USD,2,USD 1827.02
b6f2d9c3-8ed,HVS6BQI8EQYS,P696,07-06-2024 23:57,201,PayPal,04cd3675-f4e,bdc7c9fc-2b1,GBP,2,GBP 402.00
b6f2d9c3-8ed,HVS6BQI8EQYS,P140,07-06-2024 23:57,920.94,PayPal,04cd3675-f4e,bdc7c9fc-2b1,GBP,3,GBP 2762.82
b6f2d9c3-8ed,HVS6BQI8EQYS,P853,07-06-2024 23:57,944.32,PayPal,04cd3675-f4e,bdc7c9fc-2b1,GBP,1,GBP 944.32
38858413-759,,P863,18-03-2024 23:17,660.21,Debit Card,a612a91e-123,8416599a-e2a,CAD,3,CAD 1980.63
38858413-759,,P347,18-03-2024 23:17,75.97,Debit Card,a612a91e-123,8416599a-e2a,CAD,3,CAD 227.91
c10b4c56-997,LKX2PKF8DJBR,P757,29-05-2024 18:47,496.95,Debit Card,b771ce24-7ee,de814a32-c55,CAD,3,CAD 1490.85
c10b4c56-997,LKX2PKF8DJBR,P204,29-05-2024 18:47,417.71,Debit Card,b771ce24-7ee,de814a32-c55,CAD,1,CAD 417.71
620cfed7-293,,P140,02-07-2024 05:26,708.19,Bank Transfer,22966a1c-e6c,54ac6168-fd8,CAD,2,CAD 1416.38
620cfed7-293,,P125,02-07-2024 05:26,419.51,Bank Transfer,22966a1c-e6c,54ac6168-fd8,CAD,3,CAD 1258.53
620cfed7-293,,P330,02-07-2024 05:26,196.9,Bank Transfer,22966a1c-e6c,54ac6168-fd8,CAD,2,CAD 393.80
e5af052f-745,,P634,20-07-2024 19:57,469.65,PayPal,cededff2-921,8c3dd12b-86b,USD,2,USD 939.30
e5af052f-745,,P272,20-07-2024 19:57,868.95,PayPal,cededff2-921,8c3dd12b-86b,USD,3,USD 2606.85
e5af052f-745,,P194,20-07-2024 19:57,965.53,PayPal,cededff2-921,8c3dd12b-86b,USD,3,USD 2896.59
5422fa2a-a4b,HET4XJQ6SBJF,P614,23-03-2024 08:08,848.08,Bank Transfer,d679bf8c-9aa,6db97dfd-697,GBP,1,GBP 848.08
5422fa2a-a4b,HET4XJQ6SBJF,P288,23-03-2024 08:08,791.16,Bank Transfer,d679bf8c-9aa,6db97dfd-697,GBP,1,GBP 791.16
ec7e59b9-0ea,RHU4FWO2XUXI,P434,12-06-2024 23:18,706.86,Bank Transfer,c5e8d4ae-45f,f7d0c736-492,CAD,3,CAD 2120.58
ec7e59b9-0ea,RHU4FWO2XUXI,P419,12-06-2024 23:18,377.51,Bank Transfer,c5e8d4ae-45f,f7d0c736-492,CAD,3,CAD 1132.53
ec7e59b9-0ea,RHU4FWO2XUXI,P887,12-06-2024 23:18,310.62,Bank Transfer,c5e8d4ae-45f,f7d0c736-492,CAD,3,CAD 931.86
e4763d79-828,,P294,06-07-2024 19:20,732.51,Bank Transfer,27791844-5d5,5e5a6ba9-a3e,GBP,2,GBP 1465.02
e4763d79-828,,P861,06-07-2024 19:20,292.41,Bank Transfer,27791844-5d5,5e5a6ba9-a3e,GBP,3,GBP 877.23
e4763d79-828,,P204,06-07-2024 19:20,20.56,Bank Transfer,27791844-5d5,5e5a6ba9-a3e,GBP,2,GBP 41.12
eb424011-151,,P171,12-08-2024 08:02,379.51,Bank Transfer,440257ff-4c6,b0118fd6-57f,GBP,3,GBP 1138.53
eb424011-151,,P143,12-08-2024 08:02,976.7,Bank Transfer,440257ff-4c6,b0118fd6-57f,GBP,3,GBP 2930.10
eb424011-151,,P401,12-08-2024 08:02,501.58,Bank Transfer,440257ff-4c6,b0118fd6-57f,GBP,1,GBP 501.58
49f6bd80-3e0,RBX5JNB3XCNV,P757,24-05-2024 07:12,533.63,Debit Card,0d140ea6-744,42ba358d-bc9,GBP,1,GBP 533.63
49f6bd80-3e0,RBX5JNB3XCNV,P638,24-05-2024 07:12,838.43,Debit Card,0d140ea6-744,42ba358d-bc9,GBP,1,GBP 838.43
49f6bd80-3e0,RBX5JNB3XCNV,P757,24-05-2024 07:12,649.32,Debit Card,0d140ea6-744,42ba358d-bc9,GBP,1,GBP 649.32
9797f87d-328,RUZ2WWL3LSSF,P537,01-01-2024 04:53,968.3,PayPal,726c7b61-7f8,c4a07a75-8bc,GBP,1,GBP 968.30
9797f87d-328,RUZ2WWL3LSSF,P473,01-01-2024 04:53,557.17,PayPal,726c7b61-7f8,c4a07a75-8bc,GBP,2,GBP 1114.34
9797f87d-328,RUZ2WWL3LSSF,P822,01-01-2024 04:53,39.44,PayPal,726c7b61-7f8,c4a07a75-8bc,GBP,3,GBP 118.32
fd03c204-c4b,,P185,20-02-2024 13:30,383.43,PayPal,0bc16e2c-dbd,c60140b3-ca4,USD,3,USD 1150.29
fd03c204-c4b,,P498,20-02-2024 13:30,81.5,PayPal,0bc16e2c-dbd,c60140b3-ca4,USD,3,USD 244.50
810f027e-5c3,TFU1YJN8NUIP,P325,01-03-2024 07:12,46.84,Debit Card,bf5df011-2e5,b9f65c41-688,USD,2,USD 93.68
810f027e-5c3,TFU1YJN8NUIP,P736,01-03-2024 07:12,290.11,Debit Card,bf5df011-2e5,b9f65c41-688,USD,3,USD 870.33
9b24cd2e-08d,,P761,07-05-2024 21:33,300.15,Credit Card,ac4f678c-ee8,3aaf2f38-ea3,CAD,3,CAD 900.45
391ba730-d4d,LDE2PRT9IVSN,P517,05-05-2024 21:13,332.51,Bank Transfer,86af8eb3-a89,84023d50-2ca,GBP,2,GBP 665.02
391ba730-d4d,LDE2PRT9IVSN,P712,05-05-2024 21:13,858.39,Bank Transfer,86af8eb3-a89,84023d50-2ca,GBP,2,GBP 1716.78
e8c0f7cb-5bb,FAT4UKJ3XFVF,P483,10-07-2024 07:48,411.8,Debit Card,ed02a0a0-d9c,34e40d9c-5fc,USD,3,USD 1235.40
e8c0f7cb-5bb,FAT4UKJ3XFVF,P798,10-07-2024 07:48,845.93,Debit Card,ed02a0a0-d9c,34e40d9c-5fc,USD,3,USD 2537.79
e8c0f7cb-5bb,FAT4UKJ3XFVF,P119,10-07-2024 07:48,90.38,Debit Card,ed02a0a0-d9c,34e40d9c-5fc,USD,3,USD 271.14
c3ade0f4-12a,CGQ1VSS5XIJT,P865,23-03-2024 08:03,154.45,Credit Card,5e6ab069-efe,368e8cdf-7fb,GBP,1,GBP 154.45
c3ade0f4-12a,CGQ1VSS5XIJT,P848,23-03-2024 08:03,985.88,Credit Card,5e6ab069-efe,368e8cdf-7fb,GBP,3,GBP 2957.64
7303322c-417,,P288,09-04-2024 05:06,906.72,Bank Transfer,3589ccdc-e8f,86171ed2-00f,USD,3,USD 2720.16
7303322c-417,,P823,09-04-2024 05:06,765.88,Bank Transfer,3589ccdc-e8f,86171ed2-00f,USD,3,USD 2297.64
6f209c32-c4e,PJI0AZZ4ACUS,P418,26-05-2024 21:29,170.94,Debit Card,0659acef-bc0,eedccdd8-e2a,GBP,2,GBP 341.88
4c4753fc-89f,AWR8REP4TSHY,P795,22-01-2024 08:55,276.27,Bank Transfer,25e632ec-e5d,b9ca72eb-460,USD,3,USD 828.81
4c4753fc-89f,AWR8REP4TSHY,P690,22-01-2024 08:55,151.88,Bank Transfer,25e632ec-e5d,b9ca72eb-460,USD,2,USD 303.76
4c4753fc-89f,AWR8REP4TSHY,P816,22-01-2024 08:55,783.58,Bank Transfer,25e632ec-e5d,b9ca72eb-460,USD,3,USD 2350.74
81011dd8-b16,ASZ6RPZ2VQOR,P753,17-05-2024 22:37,267.39,Debit Card,83bb76aa-de3,23a52427-e3f,GBP,3,GBP 802.17
81011dd8-b16,ASZ6RPZ2VQOR,P891,17-05-2024 22:37,299.96,Debit Card,83bb76aa-de3,23a52427-e3f,GBP,3,GBP 899.88
81487c82-c7f,VIU0ZXE1TLJR,P541,22-03-2024 00:37,763.13,Debit Card,95c02127-eaa,42f3b00f-e8b,GBP,2,GBP 1526.26
81487c82-c7f,VIU0ZXE1TLJR,P754,22-03-2024 00:37,377.04,Debit Card,95c02127-eaa,42f3b00f-e8b,GBP,3,GBP 1131.12
d15fb755-d4f,DSZ4AHK2HVWW,P891,01-07-2024 18:08,270.88,PayPal,7b06fbca-ed2,fbae5011-b62,USD,3,USD 812.64
d15fb755-d4f,DSZ4AHK2HVWW,P506,01-07-2024 18:08,412.05,PayPal,7b06fbca-ed2,fbae5011-b62,USD,2,USD 824.10
d15fb755-d4f,DSZ4AHK2HVWW,P208,01-07-2024 18:08,18.56,PayPal,7b06fbca-ed2,fbae5011-b62,USD,3,USD 55.68
2f0db2ef-fd6,BAV0XIT8ARXD,P595,20-06-2024 17:08,282.29,Bank Transfer,4fd47a83-afb,6666a43f-7bf,USD,1,USD 282.29
b204a78d-ca8,XXU0WCH9DAJZ,P821,29-06-2024 14:24,206.7,Debit Card,7bb0c2ce-5ab,5203fe42-dfb,USD,3,USD 620.10
b204a78d-ca8,XXU0WCH9DAJZ,P810,29-06-2024 14:24,931.92,Debit Card,7bb0c2ce-5ab,5203fe42-dfb,USD,3,USD 2795.76
b204a78d-ca8,XXU0WCH9DAJZ,P498,29-06-2024 14:24,732.23,Debit Card,7bb0c2ce-5ab,5203fe42-dfb,USD,3,USD 2196.69
90942b7e-4b1,UHQ5FMZ9EXYN,P712,25-04-2024 08:04,738.95,Debit Card,39059c3f-697,ece66f1a-228,USD,1,USD 738.95
90942b7e-4b1,UHQ5FMZ9EXYN,P270,25-04-2024 08:04,854.03,Debit Card,39059c3f-697,ece66f1a-228,USD,3,USD 2562.09
90942b7e-4b1,UHQ5FMZ9EXYN,P333,25-04-2024 08:04,952.36,Debit Card,39059c3f-697,ece66f1a-228,USD,1,USD 952.36
0dc500ab-9c7,LDE2PRT9IVSN,P443,06-02-2024 08:08,848.41,Bank Transfer,24d963f3-743,6d1a9ee1-696,USD,1,USD 848.41
0dc500ab-9c7,LDE2PRT9IVSN,P356,06-02-2024 08:08,68.1,Bank Transfer,24d963f3-743,6d1a9ee1-696,USD,1,USD 68.10
0dc500ab-9c7,LDE2PRT9IVSN,P473,06-02-2024 08:08,621.78,Bank Transfer,24d963f3-743,6d1a9ee1-696,USD,3,USD 1865.34
781d8a0e-47c,RNQ1QER8FXFR,P393,16-02-2024 20:38,153.77,Bank Transfer,92fddf67-03f,c875585d-d23,GBP,2,GBP 307.54
0b844d78-9fd,LBQ3EUV9VNGH,P782,26-04-2024 04:15,537.33,PayPal,8f295226-cd5,0a595de7-b3c,USD,3,USD 1611.99
9d518167-84b,,P330,09-06-2024 15:11,720.9,Credit Card,04521bf1-b3b,32abda19-a7e,USD,3,USD 2162.70
f3a222b2-a96,KOS8PEA5DJXN,P538,16-04-2024 19:31,187.59,Credit Card,35a75fa8-a2c,7d356a14-e9c,GBP,2,GBP 375.18
f3a222b2-a96,KOS8PEA5DJXN,P185,16-04-2024 19:31,641.93,Credit Card,35a75fa8-a2c,7d356a14-e9c,GBP,2,GBP 1283.86
f3a222b2-a96,KOS8PEA5DJXN,P821,16-04-2024 19:31,809.13,Credit Card,35a75fa8-a2c,7d356a14-e9c,GBP,1,GBP 809.13
d4534238-1cc,NRD8JRV7JHZV,P754,13-01-2024 17:33,427.38,PayPal,dff2af04-f2b,5afdf2d0-d52,CAD,2,CAD 854.76
1076a285-362,PLY5UTF9UHXO,P488,10-08-2024 04:10,807.9,Bank Transfer,2204405c-631,c0926f67-441,CAD,1,CAD 807.90
1076a285-362,PLY5UTF9UHXO,P288,10-08-2024 04:10,443.28,Bank Transfer,2204405c-631,c0926f67-441,CAD,2,CAD 886.56
1076a285-362,PLY5UTF9UHXO,P275,10-08-2024 04:10,177.43,Bank Transfer,2204405c-631,c0926f67-441,CAD,3,CAD 532.29
e41f051b-f7b,OSE7OHC8EGMF,P853,18-04-2024 11:52,714.92,Debit Card,d3e11dcd-7ab,49ae3ba2-b52,USD,2,USD 1429.84
fe2dc959-be5,TSD3OQS4YTPK,P853,16-07-2024 07:16,989.51,Credit Card,2fd14499-cc1,04b9af5c-6fc,USD,2,USD 1979.02
fe2dc959-be5,TSD3OQS4YTPK,P194,16-07-2024 07:16,189.18,Credit Card,2fd14499-cc1,04b9af5c-6fc,USD,2,USD 378.36
411e4e4c-69b,FBZ0QFL9OFFL,P736,02-01-2024 01:05,445.19,Credit Card,280b1542-3d2,99a45949-33c,USD,2,USD 890.38
411e4e4c-69b,FBZ0QFL9OFFL,P171,02-01-2024 01:05,443.17,Credit Card,280b1542-3d2,99a45949-33c,USD,1,USD 443.17
411e4e4c-69b,FBZ0QFL9OFFL,P143,02-01-2024 01:05,776.84,Credit Card,280b1542-3d2,99a45949-33c,USD,2,USD 1553.68
b4820029-940,YBS9MLG7PMTR,P639,17-06-2024 04:14,832.4,Credit Card,b4568c01-9fa,196c91ee-b34,USD,1,USD 832.40
b4820029-940,YBS9MLG7PMTR,P333,17-06-2024 04:14,719.56,Credit Card,b4568c01-9fa,196c91ee-b34,USD,1,USD 719.56
b4820029-940,YBS9MLG7PMTR,P458,17-06-2024 04:14,652.15,Credit Card,b4568c01-9fa,196c91ee-b34,USD,3,USD 1956.45
aaf17828-864,XNW4AZX1IIHH,P119,02-02-2024 17:04,835.77,PayPal,77c70a2e-df2,8ff7fc6d-73a,USD,2,USD 1671.54
a2ea53a3-e5c,,P443,15-06-2024 03:26,599.25,PayPal,5512a919-840,80cb0145-25a,GBP,1,GBP 599.25
a2ea53a3-e5c,,P798,15-06-2024 03:26,381.97,PayPal,5512a919-840,80cb0145-25a,GBP,2,GBP 763.94
65b7869f-c31,,P782,17-02-2024 12:11,98.69,Credit Card,f8c528e1-cc8,ea86cb43-71a,GBP,3,GBP 296.07
65b7869f-c31,,P385,17-02-2024 12:11,887.7,Credit Card,f8c528e1-cc8,ea86cb43-71a,GBP,1,GBP 887.70
65b7869f-c31,,P112,17-02-2024 12:11,794.41,Credit Card,f8c528e1-cc8,ea86cb43-71a,GBP,3,GBP 2383.23
f38555cc-687,ZAJ9DTM0VMCO,P747,01-08-2024 16:00,396.68,PayPal,807e1e9e-1e4,7717a0e2-d5e,CAD,1,CAD 396.68
f38555cc-687,ZAJ9DTM0VMCO,P379,01-08-2024 16:00,247.75,PayPal,807e1e9e-1e4,7717a0e2-d5e,CAD,2,CAD 495.50
c9780890-ddc,AVM4RFK5RPLG,P818,26-04-2024 05:51,783.17,Debit Card,1c5ed22e-a69,d4fd1958-1d3,CAD,3,CAD 2349.51
c9780890-ddc,AVM4RFK5RPLG,P308,26-04-2024 05:51,841.15,Debit Card,1c5ed22e-a69,d4fd1958-1d3,CAD,2,CAD 1682.30
ed32b157-989,IXC6IYF5YCPL,P147,02-05-2024 12:31,591.89,Debit Card,6b9fb4d2-947,59cd7afe-4a5,USD,3,USD 1775.67
ed32b157-989,IXC6IYF5YCPL,P230,02-05-2024 12:31,109.73,Debit Card,6b9fb4d2-947,59cd7afe-4a5,USD,2,USD 219.46
90348998-ff1,,P539,30-07-2024 19:44,584.44,Bank Transfer,3a9bcd72-6ff,577a23b3-abf,USD,3,USD 1753.32
90348998-ff1,,P143,30-07-2024 19:44,783.63,Bank Transfer,3a9bcd72-6ff,577a23b3-abf,USD,1,USD 783.63
90348998-ff1,,P699,30-07-2024 19:44,603.69,Bank Transfer,3a9bcd72-6ff,577a23b3-abf,USD,3,USD 1811.07
452e5554-684,,P795,16-05-2024 05:35,715.54,Debit Card,64b549ff-6a0,d7b3c2dc-4d0,USD,2,USD 1431.08
6d937326-574,SBI2VWO1CPUM,P638,13-04-2024 06:22,858.19,Credit Card,64e4f33d-686,04eed162-20b,GBP,3,GBP 2574.57
85b96a8d-591,VEM2SZD4UBWW,P506,13-07-2024 23:03,299.99,Bank Transfer,d9cd07d1-deb,c9c14b9d-b77,USD,1,USD 299.99
d60a8631-aae,,P217,03-02-2024 09:47,448.24,PayPal,d62a325a-bd3,65fd4bd1-906,GBP,1,GBP 448.24
7a833b5b-e17,SGC6FIH9ZAFD,P333,02-08-2024 02:48,406.74,Credit Card,4add73a8-360,e5f86c92-825,USD,3,USD 1220.22
84f2ed02-316,RUR0EZO6LWPO,P679,17-08-2024 15:05,482.49,Credit Card,342050af-224,7f71ea67-59e,GBP,2,GBP 964.98
84f2ed02-316,RUR0EZO6LWPO,P473,17-08-2024 15:05,36.8,Credit Card,342050af-224,7f71ea67-59e,GBP,2,GBP 73.60
84f2ed02-316,RUR0EZO6LWPO,P393,17-08-2024 15:05,193.39,Credit Card,342050af-224,7f71ea67-59e,GBP,2,GBP 386.78
b92550b1-ba4,OCL7WAB3IEUU,P112,18-01-2024 16:17,246.75,Credit Card,5ef2840d-2c0,f46cc73c-d1d,GBP,2,GBP 493.50
b92550b1-ba4,OCL7WAB3IEUU,P356,18-01-2024 16:17,140.84,Credit Card,5ef2840d-2c0,f46cc73c-d1d,GBP,1,GBP 140.84
b92550b1-ba4,OCL7WAB3IEUU,P633,18-01-2024 16:17,160.08,Credit Card,5ef2840d-2c0,f46cc73c-d1d,GBP,1,GBP 160.08
284a47ea-c12,,P747,18-08-2024 05:01,561.4,Debit Card,f3f41ef4-f0d,2f2c734e-ed5,GBP,3,GBP 1684.20
d3e6e6af-9c8,IPI2YLH3YVHH,P816,05-02-2024 01:23,394.58,Bank Transfer,8372c8cb-aea,3d6b2e21-4b1,USD,3,USD 1183.74
e9a02407-7d5,GAL4FNZ8SJMA,P473,09-07-2024 00:58,341.51,Bank Transfer,7f5083a7-5bf,03434f52-256,GBP,1,GBP 341.51
263a5720-e47,DYB8IRR8JEVN,P698,03-05-2024 13:52,478.6,PayPal,fc1f49f0-b44,6dee8a91-62c,CAD,1,CAD 478.60
d0631b89-86f,XMJ1BLV4ULEM,P498,05-05-2024 18:19,530.94,Debit Card,a70dc3c8-fdf,164a28c4-769,CAD,3,CAD 1592.82
d0631b89-86f,XMJ1BLV4ULEM,P539,05-05-2024 18:19,470.74,Debit Card,a70dc3c8-fdf,164a28c4-769,CAD,1,CAD 470.74
d0631b89-86f,XMJ1BLV4ULEM,P408,05-05-2024 18:19,663.94,Debit Card,a70dc3c8-fdf,164a28c4-769,CAD,2,CAD 1327.88
1fdd630c-807,NWX3DGE7MISS,P653,05-05-2024 13:06,157.52,Bank Transfer,4c424bfb-b52,c6d81ad3-60c,CAD,1,CAD 157.52
1fdd630c-807,NWX3DGE7MISS,P330,05-05-2024 13:06,15.17,Bank Transfer,4c424bfb-b52,c6d81ad3-60c,CAD,1,CAD 15.17
1fdd630c-807,NWX3DGE7MISS,P888,05-05-2024 13:06,845.98,Bank Transfer,4c424bfb-b52,c6d81ad3-60c,CAD,2,CAD 1691.96
874d09a8-6ed,UFQ2IWI2GNSY,P444,16-01-2024 21:15,39.23,PayPal,98b2c47e-c04,0924daa3-624,GBP,1,GBP 39.23
874d09a8-6ed,UFQ2IWI2GNSY,P887,16-01-2024 21:15,649.14,PayPal,98b2c47e-c04,0924daa3-624,GBP,2,GBP 1298.28
da4706ff-b71,UAM2UVF1QLTE,P780,19-07-2024 21:07,455.73,Credit Card,f5979fce-2d8,f0f0e75f-93e,USD,1,USD 455.73
da4706ff-b71,UAM2UVF1QLTE,P458,19-07-2024 21:07,899.31,Credit Card,f5979fce-2d8,f0f0e75f-93e,USD,3,USD 2697.93
da4706ff-b71,UAM2UVF1QLTE,P419,19-07-2024 21:07,977.5,Credit Card,f5979fce-2d8,f0f0e75f-93e,USD,2,USD 1955.00
825337ea-5d8,,P385,24-04-2024 22:45,246.89,Debit Card,aab1f7f2-438,e591b817-14e,CAD,3,CAD 740.67
825337ea-5d8,,P840,24-04-2024 22:45,381,Debit Card,aab1f7f2-438,e591b817-14e,CAD,1,CAD 381.00
825337ea-5d8,,P446,24-04-2024 22:45,13.66,Debit Card,aab1f7f2-438,e591b817-14e,CAD,1,CAD 13.66
6dada111-869,ZFX8XVN3ULQO,P865,23-05-2024 02:05,155.36,PayPal,a7208a22-24b,910840ee-c75,USD,2,USD 310.72
6dada111-869,ZFX8XVN3ULQO,P376,23-05-2024 02:05,727.48,PayPal,a7208a22-24b,910840ee-c75,USD,2,USD 1454.96
6dada111-869,ZFX8XVN3ULQO,P112,23-05-2024 02:05,724.36,PayPal,a7208a22-24b,910840ee-c75,USD,3,USD 2173.08
eda21f7a-d62,NAJ1OGS7VBYS,P498,06-06-2024 22:35,157.95,Debit Card,e3c27769-f10,b9feabf1-eb0,USD,3,USD 473.85
eda21f7a-d62,NAJ1OGS7VBYS,P805,06-06-2024 22:35,313.52,Debit Card,e3c27769-f10,b9feabf1-eb0,USD,3,USD 940.56
df0206fd-4e5,XEA5WGV4SVXI,P393,13-02-2024 07:25,106.83,Debit Card,39bf7a95-85a,590cb2a8-9aa,USD,1,USD 106.83
df0206fd-4e5,XEA5WGV4SVXI,P226,13-02-2024 07:25,422.83,Debit Card,39bf7a95-85a,590cb2a8-9aa,USD,2,USD 845.66
e26c37ee-c09,OKU0RUN4PMGO,P889,29-07-2024 13:31,821.48,Debit Card,569ce6bf-513,d7859b9f-b07,CAD,2,CAD 1642.96
e26c37ee-c09,OKU0RUN4PMGO,P119,29-07-2024 13:31,292.06,Debit Card,569ce6bf-513,d7859b9f-b07,CAD,1,CAD 292.06
57b039b5-144,ABT9DLS4MADV,P891,10-04-2024 04:05,145.65,Credit Card,b047fa00-516,0f48ab16-8be,GBP,3,GBP 436.95
a8d8d05d-fac,LKE7FXL0KLAD,P143,10-02-2024 17:48,468.32,Bank Transfer,f80fd351-e47,1c6b068f-99d,GBP,3,GBP 1404.96
70635a36-eba,,P891,04-01-2024 02:26,100.66,Debit Card,de572789-584,34eaf5db-a6e,CAD,3,CAD 301.98
4c66b49d-09c,JWR0UIB7PEQY,P401,13-03-2024 09:15,601.03,PayPal,16f2f6b2-d75,f8332465-028,CAD,2,CAD 1202.06
c776f354-243,,P876,20-07-2024 01:15,371.87,PayPal,febf0efe-f9d,2c66e867-381,GBP,2,GBP 743.74
d26855f8-854,BOJ8LCM6PPMQ,P526,08-07-2024 05:39,394.65,Credit Card,660a0344-90d,791046e6-7eb,CAD,1,CAD 394.65
d26855f8-854,BOJ8LCM6PPMQ,P699,08-07-2024 05:39,86.41,Credit Card,660a0344-90d,791046e6-7eb,CAD,1,CAD 86.41
4ca39859-19e,,P379,27-01-2024 08:27,208.76,Debit Card,8f25dc23-6ca,3aad1806-f65,CAD,1,CAD 208.76
4ca39859-19e,,P816,27-01-2024 08:27,975.95,Debit Card,8f25dc23-6ca,3aad1806-f65,CAD,3,CAD 2927.85
4ca39859-19e,,P761,27-01-2024 08:27,201.66,Debit Card,8f25dc23-6ca,3aad1806-f65,CAD,1,CAD 201.66
59249883-582,HYT4ZSK8JRFG,P436,29-02-2024 16:44,664.25,Credit Card,84707cb6-fc8,8661e44c-984,CAD,2,CAD 1328.50
0c66e87e-ecd,OLA3NXW5FVEL,P633,20-04-2024 23:15,781.5,Debit Card,6522d030-899,67f39de2-6fd,USD,2,USD 1563.00
0c66e87e-ecd,OLA3NXW5FVEL,P488,20-04-2024 23:15,961.9,Debit Card,6522d030-899,67f39de2-6fd,USD,3,USD 2885.70
eaf5f87c-1a4,MQP1UKQ7NCDJ,P147,16-02-2024 14:23,335.24,Debit Card,ae9b4741-d24,80b7903f-64b,GBP,3,GBP 1005.72
eaf5f87c-1a4,MQP1UKQ7NCDJ,P408,16-02-2024 14:23,906.36,Debit Card,ae9b4741-d24,80b7903f-64b,GBP,1,GBP 906.36
eaf5f87c-1a4,MQP1UKQ7NCDJ,P810,16-02-2024 14:23,746.08,Debit Card,ae9b4741-d24,80b7903f-64b,GBP,1,GBP 746.08
ed465ee1-196,,P760,23-01-2024 08:49,907.54,Credit Card,afad80bd-306,e7ada208-448,CAD,2,CAD 1815.08
ed465ee1-196,,P614,23-01-2024 08:49,361.42,Credit Card,afad80bd-306,e7ada208-448,CAD,2,CAD 722.84
ed465ee1-196,,P653,23-01-2024 08:49,249.63,Credit Card,afad80bd-306,e7ada208-448,CAD,2,CAD 499.26
306916fa-14c,DDC9IFF1GZBL,P356,07-06-2024 02:46,95.72,Debit Card,053dfb21-d41,3d5ed80c-65b,USD,2,USD 191.44
86cd180e-dbb,AFF3ZPS4HCBJ,P226,15-02-2024 16:21,505.1,Credit Card,289e3b0a-3d2,a970ff30-2b9,USD,3,USD 1515.30
86cd180e-dbb,AFF3ZPS4HCBJ,P824,15-02-2024 16:21,74.8,Credit Card,289e3b0a-3d2,a970ff30-2b9,USD,1,USD 74.80
86cd180e-dbb,AFF3ZPS4HCBJ,P537,15-02-2024 16:21,350.55,Credit Card,289e3b0a-3d2,a970ff30-2b9,USD,3,USD 1051.65
76e399ee-937,HET4XJQ6SBJF,P753,17-04-2024 00:47,884.61,Credit Card,eda341f8-b3a,0232383e-be1,USD,3,USD 2653.83
76e399ee-937,HET4XJQ6SBJF,P193,17-04-2024 00:47,732.31,Credit Card,eda341f8-b3a,0232383e-be1,USD,2,USD 1464.62
76e399ee-937,HET4XJQ6SBJF,P408,17-04-2024 00:47,694.21,Credit Card,eda341f8-b3a,0232383e-be1,USD,1,USD 694.21
0d820f06-36f,KCA0XOB4OTBS,P781,07-05-2024 22:35,745.64,PayPal,0667c0f3-f94,d9a72b7d-7f1,CAD,2,CAD 1491.28
0d820f06-36f,KCA0XOB4OTBS,P117,07-05-2024 22:35,466.02,PayPal,0667c0f3-f94,d9a72b7d-7f1,CAD,2,CAD 932.04
6945b86c-79b,LAY1VGQ1BILQ,P125,28-03-2024 14:15,30.66,PayPal,022f5d1e-7e5,bbd31bbb-e71,GBP,1,GBP 30.66
6945b86c-79b,LAY1VGQ1BILQ,P840,28-03-2024 14:15,316.76,PayPal,022f5d1e-7e5,bbd31bbb-e71,GBP,1,GBP 316.76
f91f00ee-36b,VPS0WRQ1WIFR,P208,14-01-2024 12:46,99.7,Bank Transfer,81a3c4ae-ade,e46b886a-721,USD,1,USD 99.70
f91f00ee-36b,VPS0WRQ1WIFR,P834,14-01-2024 12:46,507.05,Bank Transfer,81a3c4ae-ade,e46b886a-721,USD,1,USD 507.05
f91f00ee-36b,VPS0WRQ1WIFR,P170,14-01-2024 12:46,280.13,Bank Transfer,81a3c4ae-ade,e46b886a-721,USD,2,USD 560.26
7550c1eb-3f0,QKA3PFU5RBUE,P508,20-04-2024 19:24,641.94,Credit Card,ae49c39c-2bc,8d16b0e2-f29,USD,1,USD 641.94
7550c1eb-3f0,QKA3PFU5RBUE,P294,20-04-2024 19:24,337.11,Credit Card,ae49c39c-2bc,8d16b0e2-f29,USD,1,USD 337.11
7550c1eb-3f0,QKA3PFU5RBUE,P270,20-04-2024 19:24,353.67,Credit Card,ae49c39c-2bc,8d16b0e2-f29,USD,1,USD 353.67
ac584483-e20,,P687,04-07-2024 05:33,688.55,PayPal,0ceb54b7-de3,74ccd88d-075,CAD,3,CAD 2065.65
ac584483-e20,,P216,04-07-2024 05:33,882.55,PayPal,0ceb54b7-de3,74ccd88d-075,CAD,2,CAD 1765.10
ac584483-e20,,P419,04-07-2024 05:33,676.15,PayPal,0ceb54b7-de3,74ccd88d-075,CAD,1,CAD 676.15
8a5fe14a-859,VMX2YAN0OCFP,P171,13-02-2024 19:44,872.44,Debit Card,e8abb843-4fb,1b2462dc-aab,USD,1,USD 872.44
8a5fe14a-859,VMX2YAN0OCFP,P889,13-02-2024 19:44,722.93,Debit Card,e8abb843-4fb,1b2462dc-aab,USD,1,USD 722.93
a631d1db-62c,MSW6XFJ5NGVR,P684,21-08-2024 06:18,849,Bank Transfer,ba0e6b31-395,8b3c69d6-208,USD,1,USD 849.00
0474f005-68d,OVX1TBA6UGFZ,P418,22-04-2024 05:23,618.79,PayPal,3da5ed94-b8f,6e831242-668,CAD,3,CAD 1856.37
0474f005-68d,OVX1TBA6UGFZ,P772,22-04-2024 05:23,874.25,PayPal,3da5ed94-b8f,6e831242-668,CAD,1,CAD 874.25
0474f005-68d,OVX1TBA6UGFZ,P512,22-04-2024 05:23,816.89,PayPal,3da5ed94-b8f,6e831242-668,CAD,3,CAD 2450.67
e31a0a63-a12,IUG0ZOY4WYYS,P226,13-02-2024 09:04,11.57,Debit Card,1cb217a0-863,1cc1188d-e53,GBP,2,GBP 23.14
e77a099d-1f7,VWB3EEI0QPYJ,P385,26-04-2024 15:22,163.11,Credit Card,468121d8-267,a0ed1ee7-b92,CAD,1,CAD 163.11
56430bde-14a,NEF2ATQ0EDHL,P696,02-01-2024 00:29,748.01,Credit Card,8bde6435-b78,985482f7-f64,GBP,2,GBP 1496.02
56430bde-14a,NEF2ATQ0EDHL,P143,02-01-2024 00:29,487.1,Credit Card,8bde6435-b78,985482f7-f64,GBP,3,GBP 1461.30
56430bde-14a,NEF2ATQ0EDHL,P782,02-01-2024 00:29,53.4,Credit Card,8bde6435-b78,985482f7-f64,GBP,1,GBP 53.40
cbdad43f-638,,P824,30-03-2024 17:46,71.12,Credit Card,da500e63-9f1,2beea304-ef7,USD,3,USD 213.36
a81c0289-4a6,XUT1UJP0NVFI,P772,03-02-2024 20:45,77.49,Debit Card,6496e6ee-17a,76f6d9e2-032,CAD,2,CAD 154.98
a81c0289-4a6,XUT1UJP0NVFI,P798,03-02-2024 20:45,348.46,Debit Card,6496e6ee-17a,76f6d9e2-032,CAD,1,CAD 348.46
a81c0289-4a6,XUT1UJP0NVFI,P541,03-02-2024 20:45,974,Debit Card,6496e6ee-17a,76f6d9e2-032,CAD,2,CAD 1948.00
17914032-38a,XPT0UZE6DLHD,P446,13-08-2024 20:42,315.55,Credit Card,99f4ab31-8d2,7c11b63a-eb1,GBP,3,GBP 946.65
17914032-38a,XPT0UZE6DLHD,P747,13-08-2024 20:42,272.19,Credit Card,99f4ab31-8d2,7c11b63a-eb1,GBP,3,GBP 816.57
76c35a9b-609,JXY2RWS6LESV,P408,05-02-2024 04:19,314.3,Bank Transfer,ea109100-c5c,39aeaf62-9fc,CAD,1,CAD 314.30
76c35a9b-609,JXY2RWS6LESV,P148,05-02-2024 04:19,959.45,Bank Transfer,ea109100-c5c,39aeaf62-9fc,CAD,1,CAD 959.45
8aceeece-6dc,SDY1HQJ2AIYX,P638,04-08-2024 02:28,396.56,Debit Card,03ecf928-d42,cafdf7a4-f4c,GBP,1,GBP 396.56
99f54215-2da,RBA8GPC5ERZH,P649,02-01-2024 05:32,327.5,Credit Card,8286f4ab-efe,72b63fb3-5ed,GBP,1,GBP 327.50
a91e4f7d-c4e,ARX5EXL3HBSD,P436,27-03-2024 22:09,850.81,PayPal,5c404290-479,1452baed-f5f,CAD,2,CAD 1701.62
ee04d3a9-d8c,BNR7FNJ2FXNG,P816,04-02-2024 04:04,913.36,Debit Card,849574ab-11c,336e7edb-009,USD,3,USD 2740.08
ee04d3a9-d8c,BNR7FNJ2FXNG,P305,04-02-2024 04:04,580.95,Debit Card,849574ab-11c,336e7edb-009,USD,3,USD 1742.85
ee04d3a9-d8c,BNR7FNJ2FXNG,P780,04-02-2024 04:04,704.56,Debit Card,849574ab-11c,336e7edb-009,USD,1,USD 704.56
b2d71a11-5df,,P848,29-07-2024 03:26,112.64,Bank Transfer,4684ba8e-c74,5b1a8dee-0a1,GBP,2,GBP 225.28
cbfdbd3b-5c9,ANG0CYN5FOBV,P679,21-03-2024 23:56,685.7,PayPal,f4cbf773-a30,222806aa-7db,GBP,2,GBP 1371.40
cbfdbd3b-5c9,ANG0CYN5FOBV,P120,21-03-2024 23:56,756.23,PayPal,f4cbf773-a30,222806aa-7db,GBP,3,GBP 2268.69
c1c6cabd-945,,P824,24-05-2024 13:14,42.13,PayPal,8c473f91-1c6,21c1fc51-825,GBP,2,GBP 84.26
ae81a58b-8a3,ZUN4GBV6HVGW,P537,08-06-2024 13:41,211.23,Credit Card,dd4e267c-9e0,f0797b57-1b9,USD,1,USD 211.23
ae81a58b-8a3,ZUN4GBV6HVGW,P712,08-06-2024 13:41,720.59,Credit Card,dd4e267c-9e0,f0797b57-1b9,USD,2,USD 1441.18
ae81a58b-8a3,ZUN4GBV6HVGW,P861,08-06-2024 13:41,48.8,Credit Card,dd4e267c-9e0,f0797b57-1b9,USD,3,USD 146.40
90f78f71-4dd,,P143,11-08-2024 02:50,750.34,Bank Transfer,e5a19650-ffc,e3711ba6-6ef,GBP,3,GBP 2251.02
e9c180da-b60,PJC2MRS1GFUY,P558,07-03-2024 09:22,658.48,PayPal,b4981542-69f,31d3df4e-190,GBP,3,GBP 1975.44
e9c180da-b60,PJC2MRS1GFUY,P798,07-03-2024 09:22,560.98,PayPal,b4981542-69f,31d3df4e-190,GBP,1,GBP 560.98
a5476c4c-350,EOE1PEI3HOEN,P888,27-05-2024 12:45,892.24,Bank Transfer,79557e5a-fcd,e3f9abca-aa8,GBP,1,GBP 892.24
a0c3054a-448,,P690,17-01-2024 13:00,91.79,PayPal,13d829e7-48f,4f9e8127-607,USD,1,USD 91.79
a0c3054a-448,,P754,17-01-2024 13:00,833.17,PayPal,13d829e7-48f,4f9e8127-607,USD,3,USD 2499.51
f6313e53-443,XKD6NYR3HEZO,P887,19-04-2024 16:25,102.57,PayPal,0218ce91-9c8,2e370de2-bd9,USD,1,USD 102.57
f6313e53-443,XKD6NYR3HEZO,P488,19-04-2024 16:25,751.34,PayPal,0218ce91-9c8,2e370de2-bd9,USD,3,USD 2254.02
9b4f7dd4-446,,P810,26-02-2024 10:15,609.88,PayPal,1f0e7d18-7e9,17d7d63e-9bf,USD,1,USD 609.88
9b4f7dd4-446,,P684,26-02-2024 10:15,493.41,PayPal,1f0e7d18-7e9,17d7d63e-9bf,USD,3,USD 1480.23
8988e522-76c,FIN1ZUP8QWFK,P512,24-06-2024 13:47,433.69,Debit Card,095daf54-3a2,fe7bc674-4d1,USD,2,USD 867.38
8988e522-76c,FIN1ZUP8QWFK,P781,24-06-2024 13:47,70,Debit Card,095daf54-3a2,fe7bc674-4d1,USD,1,USD 70.00
8988e522-76c,FIN1ZUP8QWFK,P506,24-06-2024 13:47,491.29,Debit Card,095daf54-3a2,fe7bc674-4d1,USD,3,USD 1473.87
6d6157f7-805,,P204,05-05-2024 04:16,665.57,Credit Card,f5f2d2fc-bb3,9b39868c-108,CAD,3,CAD 1996.71
6d6157f7-805,,P330,05-05-2024 04:16,843.18,Credit Card,f5f2d2fc-bb3,9b39868c-108,CAD,2,CAD 1686.36
6d6157f7-805,,P541,05-05-2024 04:16,955.66,Credit Card,f5f2d2fc-bb3,9b39868c-108,CAD,1,CAD 955.66
30c2252d-ea4,,P639,13-02-2024 08:43,790.23,Credit Card,67a5b24b-19f,2b52b220-734,CAD,2,CAD 1580.46
30c2252d-ea4,,P401,13-02-2024 08:43,98.02,Credit Card,67a5b24b-19f,2b52b220-734,CAD,1,CAD 98.02
30c2252d-ea4,,P891,13-02-2024 08:43,942.62,Credit Card,67a5b24b-19f,2b52b220-734,CAD,1,CAD 942.62
a25e522a-db4,LJP4NTK2OWOO,P356,12-06-2024 05:32,250.45,PayPal,35546f7c-26f,df81dc2b-52f,CAD,1,CAD 250.45
a25e522a-db4,LJP4NTK2OWOO,P848,12-06-2024 05:32,299.11,PayPal,35546f7c-26f,df81dc2b-52f,CAD,3,CAD 897.33
0fb1ce3a-5a4,NXE9RDP9RJDL,P191,09-04-2024 18:39,367.59,Bank Transfer,0f944952-ba7,9ac88d42-6d3,CAD,2,CAD 735.18
0fb1ce3a-5a4,NXE9RDP9RJDL,P216,09-04-2024 18:39,603.21,Bank Transfer,0f944952-ba7,9ac88d42-6d3,CAD,2,CAD 1206.42
cc14bd57-7b2,,P795,25-02-2024 00:23,635.99,Debit Card,bed3ced0-6eb,d25d68db-a4d,GBP,1,GBP 635.99
cc14bd57-7b2,,P457,25-02-2024 00:23,166.25,Debit Card,bed3ced0-6eb,d25d68db-a4d,GBP,1,GBP 166.25
f54be5e6-5b4,HNZ1UYC8RDJC,P143,08-04-2024 01:45,393.56,Debit Card,5ca37427-fe9,49cb25de-ca8,CAD,1,CAD 393.56
1be2c068-c65,,P148,18-03-2024 10:41,902.98,Debit Card,9288e7a3-32b,7a95fb5a-233,USD,2,USD 1805.96
1be2c068-c65,,P877,18-03-2024 10:41,737.08,Debit Card,9288e7a3-32b,7a95fb5a-233,USD,1,USD 737.08
1be2c068-c65,,P823,18-03-2024 10:41,247.31,Debit Card,9288e7a3-32b,7a95fb5a-233,USD,2,USD 494.62
f7cee2d2-61d,JFZ6JWU1JGLH,P537,16-07-2024 09:52,728.11,Credit Card,0ac2bdfb-b55,de222440-5ca,USD,3,USD 2184.33
449a3f22-822,LFQ7BDB0YKJE,P396,14-03-2024 12:32,489.45,Credit Card,10e541d4-0fa,34c5e59b-074,USD,1,USD 489.45
449a3f22-822,LFQ7BDB0YKJE,P473,14-03-2024 12:32,929.31,Credit Card,10e541d4-0fa,34c5e59b-074,USD,3,USD 2787.93
9ab429f8-f9d,IUB3FCW3ZYPE,P798,12-07-2024 00:34,234.34,Credit Card,b72f3ae1-36e,49379331-992,USD,1,USD 234.34
9bc5ce92-295,GXN6NVA9RNYT,P112,25-06-2024 03:49,40.84,PayPal,2918006d-cc2,254549e5-848,USD,3,USD 122.52
c77c7b03-973,NTI2ELP8JLFE,P537,21-03-2024 21:30,850.84,Debit Card,ea067395-b1b,490de909-cf4,GBP,2,GBP 1701.68
c77c7b03-973,NTI2ELP8JLFE,P805,21-03-2024 21:30,347.13,Debit Card,ea067395-b1b,490de909-cf4,GBP,2,GBP 694.26
95cdc5fe-9a1,,P840,13-06-2024 18:23,237.73,Credit Card,93b94a48-1eb,a37e5e5b-fed,GBP,1,GBP 237.73
95cdc5fe-9a1,,P194,13-06-2024 18:23,739.45,Credit Card,93b94a48-1eb,a37e5e5b-fed,GBP,1,GBP 739.45
95cdc5fe-9a1,,P821,13-06-2024 18:23,362.71,Credit Card,93b94a48-1eb,a37e5e5b-fed,GBP,2,GBP 725.42
aeb500e9-870,RLO6ZXL7WQVH,P834,17-02-2024 15:29,909.65,Debit Card,5aec80d7-95c,52cc71d8-8b5,GBP,1,GBP 909.65
3d32b721-afd,THK3CRK5FWRL,P638,20-04-2024 04:11,405.13,Bank Transfer,605af2f1-1c3,98754233-bdd,GBP,2,GBP 810.26
3d32b721-afd,THK3CRK5FWRL,P614,20-04-2024 04:11,422.81,Bank Transfer,605af2f1-1c3,98754233-bdd,GBP,2,GBP 845.62
66c02bae-885,WWQ7MWC0DKLY,P780,03-03-2024 14:08,848.58,Credit Card,e101ef5b-1ef,3691b092-6ec,GBP,3,GBP 2545.74
66c02bae-885,WWQ7MWC0DKLY,P696,03-03-2024 14:08,282.52,Credit Card,e101ef5b-1ef,3691b092-6ec,GBP,1,GBP 282.52
457f1b29-f1c,QAE5ELR4FTAM,P595,03-08-2024 03:46,444.96,Credit Card,739cdcea-ba5,f1309460-552,CAD,2,CAD 889.92
457f1b29-f1c,QAE5ELR4FTAM,P195,03-08-2024 03:46,593.6,Credit Card,739cdcea-ba5,f1309460-552,CAD,1,CAD 593.60
457f1b29-f1c,QAE5ELR4FTAM,P488,03-08-2024 03:46,256.57,Credit Card,739cdcea-ba5,f1309460-552,CAD,2,CAD 513.14
027bf131-29c,CYI2TIP5FYIT,P634,03-06-2024 01:21,669.63,Debit Card,58e2bf01-6fd,85e35b19-00c,USD,1,USD 669.63
027bf131-29c,CYI2TIP5FYIT,P736,03-06-2024 01:21,273.47,Debit Card,58e2bf01-6fd,85e35b19-00c,USD,2,USD 546.94
027bf131-29c,CYI2TIP5FYIT,P595,03-06-2024 01:21,721.43,Debit Card,58e2bf01-6fd,85e35b19-00c,USD,3,USD 2164.29
375db93c-a3a,FHG5TFM5ZKJN,P483,20-05-2024 15:45,470.08,PayPal,80c779fa-2d5,c79c78af-737,USD,3,USD 1410.24
375db93c-a3a,FHG5TFM5ZKJN,P308,20-05-2024 15:45,34.6,PayPal,80c779fa-2d5,c79c78af-737,USD,3,USD 103.80
375db93c-a3a,FHG5TFM5ZKJN,P736,20-05-2024 15:45,709.8,PayPal,80c779fa-2d5,c79c78af-737,USD,1,USD 709.80
f90b5eb6-fa7,ABG0WYP3IZXC,P649,19-03-2024 14:47,361.35,Debit Card,8a823438-5a6,49ae9e3a-f88,USD,1,USD 361.35
f90b5eb6-fa7,ABG0WYP3IZXC,P780,19-03-2024 14:47,872.26,Debit Card,8a823438-5a6,49ae9e3a-f88,USD,1,USD 872.26
e9596468-fbc,GMQ3IQA1SKMG,P138,01-03-2024 23:12,248.96,PayPal,4472ac19-b7d,104155a5-32f,GBP,1,GBP 248.96
e9596468-fbc,GMQ3IQA1SKMG,P208,01-03-2024 23:12,965.74,PayPal,4472ac19-b7d,104155a5-32f,GBP,3,GBP 2897.22
e8b162ee-3fd,SLW8EWP9WLZG,P125,16-08-2024 22:50,37.36,Credit Card,6f94c91f-ced,2834e735-7c4,USD,1,USD 37.36
e8b162ee-3fd,SLW8EWP9WLZG,P488,16-08-2024 22:50,627.15,Credit Card,6f94c91f-ced,2834e735-7c4,USD,2,USD 1254.30
35803d0f-be4,ZII0UEL9LGJW,P443,31-01-2024 00:34,548.88,Debit Card,ed1a10b4-c00,1f9249d8-835,USD,1,USD 548.88
35803d0f-be4,ZII0UEL9LGJW,P169,31-01-2024 00:34,383.32,Debit Card,ed1a10b4-c00,1f9249d8-835,USD,1,USD 383.32
d79a6b8a-b47,OFI0LET0OIVG,P877,28-03-2024 01:54,271.45,Bank Transfer,c7ad3446-201,654e9660-1d8,USD,1,USD 271.45
d79a6b8a-b47,OFI0LET0OIVG,P272,28-03-2024 01:54,997.75,Bank Transfer,c7ad3446-201,654e9660-1d8,USD,3,USD 2993.25
d79a6b8a-b47,OFI0LET0OIVG,P539,28-03-2024 01:54,389.82,Bank Transfer,c7ad3446-201,654e9660-1d8,USD,1,USD 389.82
bd9ee87a-f15,JDW2JNB2SCUD,P863,25-05-2024 12:07,618.1,PayPal,42eb6d9c-89a,88184456-e4c,CAD,1,CAD 618.10
71083bd3-f9a,OCG9LSB3FKIL,P816,15-01-2024 20:11,900.61,Debit Card,de740a2c-449,0768eff2-04f,USD,1,USD 900.61
84ad934f-bda,,P434,08-06-2024 03:27,782.2,Credit Card,ae91468c-871,38844f2b-e5e,GBP,2,GBP 1564.40
84ad934f-bda,,P539,08-06-2024 03:27,183.58,Credit Card,ae91468c-871,38844f2b-e5e,GBP,3,GBP 550.74
5d418ae4-36e,,P434,11-04-2024 13:25,650.35,Debit Card,c728bd94-fe0,4b2f17c2-253,GBP,2,GBP 1300.70
5d418ae4-36e,,P772,11-04-2024 13:25,838.45,Debit Card,c728bd94-fe0,4b2f17c2-253,GBP,2,GBP 1676.90
028ab37b-44d,LPB2HIM7FNEC,P690,13-07-2024 14:55,37.38,PayPal,ecc1b935-505,42e0f674-ffd,USD,3,USD 112.14
edbd39ed-fb4,,P275,25-02-2024 16:37,832.17,Debit Card,8871f778-5df,ab648dd5-312,GBP,1,GBP 832.17
f735358c-d45,,P385,02-07-2024 23:42,605.31,PayPal,6b76adc6-c64,f1f53242-308,CAD,3,CAD 1815.93
f735358c-d45,,P488,02-07-2024 23:42,919.35,PayPal,6b76adc6-c64,f1f53242-308,CAD,3,CAD 2758.05
b5299400-baf,KNX7GZG5VVFF,P696,13-01-2024 02:00,211.67,Credit Card,e13497f0-63a,f7429f34-6d9,USD,3,USD 635.01
aa57ec0c-c5e,XFH2ISN7GEUK,P861,23-06-2024 07:01,196,Credit Card,576772e8-9d0,01ddfda5-7c9,CAD,1,CAD 196.00
0587a42a-efe,,P638,05-08-2024 02:34,477.4,PayPal,f145e683-e71,90c4c65c-a9d,USD,3,USD 1432.20
0587a42a-efe,,P385,05-08-2024 02:34,527.17,PayPal,f145e683-e71,90c4c65c-a9d,USD,1,USD 527.17
0587a42a-efe,,P498,05-08-2024 02:34,648.23,PayPal,f145e683-e71,90c4c65c-a9d,USD,3,USD 1944.69
07b413cb-194,OSE7OHC8EGMF,P419,12-08-2024 08:56,135.25,Bank Transfer,4370f202-4c6,d6cda6ce-17f,USD,2,USD 270.50
07b413cb-194,OSE7OHC8EGMF,P876,12-08-2024 08:56,135.8,Bank Transfer,4370f202-4c6,d6cda6ce-17f,USD,1,USD 135.80
07b413cb-194,OSE7OHC8EGMF,P805,12-08-2024 08:56,753.95,Bank Transfer,4370f202-4c6,d6cda6ce-17f,USD,3,USD 2261.85
613ad386-535,AQN6GPF1DRDE,P822,05-08-2024 05:46,578.95,Debit Card,bd1dfe3f-452,d409aa9f-576,USD,1,USD 578.95
613ad386-535,AQN6GPF1DRDE,P822,05-08-2024 05:46,22.65,Debit Card,bd1dfe3f-452,d409aa9f-576,USD,2,USD 45.30
d1674f9a-872,SIO8RJL7ZGTK,P541,22-05-2024 00:50,453.04,Credit Card,21ca0043-898,15d8ffa0-60f,CAD,1,CAD 453.04
d1674f9a-872,SIO8RJL7ZGTK,P148,22-05-2024 00:50,693.68,Credit Card,21ca0043-898,15d8ffa0-60f,CAD,2,CAD 1387.36
d1674f9a-872,SIO8RJL7ZGTK,P816,22-05-2024 00:50,683.31,Credit Card,21ca0043-898,15d8ffa0-60f,CAD,3,CAD 2049.93
d03e7faa-dd9,GAL4FNZ8SJMA,P171,17-06-2024 08:57,919.95,Credit Card,a74f219d-b63,3b43578b-53f,CAD,2,CAD 1839.90
fb507b51-93b,,P330,20-08-2024 09:54,405.22,Debit Card,33ab1e4e-2d4,0ab7fe4c-105,USD,3,USD 1215.66
90c78af3-01b,,P356,11-04-2024 02:40,615.58,Debit Card,2dba65f8-855,79070e40-af9,CAD,1,CAD 615.58
90c78af3-01b,,P699,11-04-2024 02:40,916.52,Debit Card,2dba65f8-855,79070e40-af9,CAD,3,CAD 2749.56
b1b9d638-6a2,,P821,23-02-2024 16:19,994.6,Bank Transfer,219fa6b0-875,04ff9bf9-520,USD,2,USD 1989.20
c320bbd6-550,HZX9CYI3MIJR,P408,10-01-2024 11:36,846.09,Debit Card,bad99ced-56f,8d702115-c21,GBP,3,GBP 2538.27
5a9735b1-a36,OKU0RUN4PMGO,P330,23-03-2024 16:48,456.92,Credit Card,e6c656f0-026,2fb6ef23-b8f,USD,3,USD 1370.76
5a9735b1-a36,OKU0RUN4PMGO,P488,23-03-2024 16:48,214.46,Credit Card,e6c656f0-026,2fb6ef23-b8f,USD,2,USD 428.92
5a9735b1-a36,OKU0RUN4PMGO,P747,23-03-2024 16:48,863.59,Credit Card,e6c656f0-026,2fb6ef23-b8f,USD,3,USD 2590.77
e438016a-b66,FFX3KUU7WXEH,P595,12-05-2024 09:38,708.52,Credit Card,b24dc8d1-728,96b739cd-0e6,GBP,1,GBP 708.52
8a94c187-ed3,,P396,03-02-2024 20:40,913.2,Debit Card,332e0c9b-5f6,7bd06200-d66,USD,1,USD 913.20
342bc68e-b5d,ILL8QOK4XXBG,P393,07-01-2024 04:16,761.03,PayPal,a71ae3c2-0a3,4c5d022e-116,GBP,1,GBP 761.03
1508c156-31d,,P696,29-07-2024 20:57,821.83,PayPal,d18e3bc5-63f,e6cf2277-066,CAD,1,CAD 821.83
c17a567e-0a4,SGC6FIH9ZAFD,P754,11-06-2024 00:38,492.95,Debit Card,e4ee97bc-531,978b2cd5-391,USD,2,USD 985.90
c17a567e-0a4,SGC6FIH9ZAFD,P275,11-06-2024 00:38,226.44,Debit Card,e4ee97bc-531,978b2cd5-391,USD,3,USD 679.32
a0cf408f-bf8,ZKZ4CAS7PPMM,P330,27-04-2024 19:51,686.6,Credit Card,4e381674-c95,5abd1087-8d4,GBP,2,GBP 1373.20
0c3817b8-0f9,,P393,05-05-2024 04:56,20.86,PayPal,2242d2db-869,4749093b-bd3,CAD,2,CAD 41.72
0c3817b8-0f9,,P840,05-05-2024 04:56,887.72,PayPal,2242d2db-869,4749093b-bd3,CAD,2,CAD 1775.44
ff179db6-d0c,DBD7GYA9SVTX,P498,01-08-2024 12:50,618.32,Credit Card,472492ea-cae,5cc487c8-744,GBP,1,GBP 618.32
ff179db6-d0c,DBD7GYA9SVTX,P736,01-08-2024 12:50,175.16,Credit Card,472492ea-cae,5cc487c8-744,GBP,2,GBP 350.32
33263e99-d74,PZL3LWO6UOIP,P834,01-06-2024 19:47,572.16,Credit Card,794a0bc5-453,62909a0e-96c,USD,2,USD 1144.32
33263e99-d74,PZL3LWO6UOIP,P117,01-06-2024 19:47,958.41,Credit Card,794a0bc5-453,62909a0e-96c,USD,2,USD 1916.82
8b2c6e91-416,CKT8NMI2IXEV,P877,12-04-2024 09:56,876.21,Credit Card,021a174a-fcf,b41c51e4-43c,GBP,2,GBP 1752.42
8b2c6e91-416,CKT8NMI2IXEV,P539,12-04-2024 09:56,751.45,Credit Card,021a174a-fcf,b41c51e4-43c,GBP,2,GBP 1502.90
8b2c6e91-416,CKT8NMI2IXEV,P639,12-04-2024 09:56,982.42,Credit Card,021a174a-fcf,b41c51e4-43c,GBP,3,GBP 2947.26
525ca9c4-187,AVM4RFK5RPLG,P355,24-07-2024 15:46,30.88,Bank Transfer,919ebcf8-036,496c94f9-f18,CAD,3,CAD 92.64
1f6bfcf9-bc4,OVD3ICD9VJGJ,P653,11-07-2024 11:35,736.68,PayPal,bfff60ef-34e,7e31ee9b-423,CAD,1,CAD 736.68
1f6bfcf9-bc4,OVD3ICD9VJGJ,P795,11-07-2024 11:35,102.86,PayPal,bfff60ef-34e,7e31ee9b-423,CAD,1,CAD 102.86
1f6bfcf9-bc4,OVD3ICD9VJGJ,P684,11-07-2024 11:35,32.42,PayPal,bfff60ef-34e,7e31ee9b-423,CAD,2,CAD 64.84
687416a6-7bf,,P747,25-06-2024 13:42,375.85,Credit Card,ad241788-c39,d09523e0-b58,CAD,3,CAD 1127.55
199a9303-e2e,JWR0UIB7PEQY,P834,21-07-2024 02:32,391.41,Credit Card,b547c330-9c4,db45edce-e58,USD,3,USD 1174.23
4f3e5ece-dd3,MQP1UKQ7NCDJ,P508,07-05-2024 09:49,564.57,Bank Transfer,ad40b7ac-54e,e120f8ce-1bc,USD,2,USD 1129.14
4f3e5ece-dd3,MQP1UKQ7NCDJ,P698,07-05-2024 09:49,276.8,Bank Transfer,ad40b7ac-54e,e120f8ce-1bc,USD,3,USD 830.40
0779961e-b44,,P204,01-06-2024 01:37,539.23,Credit Card,b974183f-e3a,7745e57d-b17,CAD,1,CAD 539.23
0779961e-b44,,P861,01-06-2024 01:37,161.05,Credit Card,b974183f-e3a,7745e57d-b17,CAD,3,CAD 483.15
0779961e-b44,,P823,01-06-2024 01:37,370.09,Credit Card,b974183f-e3a,7745e57d-b17,CAD,1,CAD 370.09
1ffd826d-44f,WAU2GMS8XGYE,P308,17-01-2024 23:33,126.55,Credit Card,1f0ae0e3-152,74781fd0-f65,USD,1,USD 126.55
1ffd826d-44f,WAU2GMS8XGYE,P401,17-01-2024 23:33,934.63,Credit Card,1f0ae0e3-152,74781fd0-f65,USD,3,USD 2803.89
8574bb30-508,TXG1HSK0HSBH,P805,22-05-2024 01:49,316.49,PayPal,f33d0787-202,27abf469-e3b,CAD,1,CAD 316.49
8574bb30-508,TXG1HSK0HSBH,P526,22-05-2024 01:49,329.9,PayPal,f33d0787-202,27abf469-e3b,CAD,1,CAD 329.90
7bf190c2-3cd,,P753,06-08-2024 01:06,973.51,PayPal,f76b2b5f-240,1b38e05b-e88,USD,2,USD 1947.02
7bf190c2-3cd,,P272,06-08-2024 01:06,800.69,PayPal,f76b2b5f-240,1b38e05b-e88,USD,2,USD 1601.38
7bf190c2-3cd,,P517,06-08-2024 01:06,961.06,PayPal,f76b2b5f-240,1b38e05b-e88,USD,2,USD 1922.12
5e4b9568-3a4,PZL3LWO6UOIP,P818,26-08-2024 08:30,606.3,PayPal,3d5d5851-78b,226e19c5-f39,GBP,2,GBP 1212.60
5e4b9568-3a4,PZL3LWO6UOIP,P699,26-08-2024 08:30,874.53,PayPal,3d5d5851-78b,226e19c5-f39,GBP,1,GBP 874.53
a05109d6-d1a,MSW6XFJ5NGVR,P194,12-06-2024 17:59,954.98,Credit Card,7502745e-4d5,0b57352b-164,USD,1,USD 954.98
2dfbf90a-d0a,NUK5CAD1YXTP,P171,22-01-2024 18:09,246.99,Credit Card,4c37cf25-a37,48fac479-4a9,GBP,3,GBP 740.97
c9920946-115,LBM3FPG9IHYV,P633,21-01-2024 01:37,54.02,Credit Card,892ef06a-d41,7af2c9cf-6a0,USD,1,USD 54.02
327f0c9a-ec3,NBC5TZH8XUAY,P171,11-07-2024 19:20,203.89,PayPal,ee838a0f-b92,3aeb30ed-8d7,USD,1,USD 203.89
327f0c9a-ec3,NBC5TZH8XUAY,P696,11-07-2024 19:20,231.62,PayPal,ee838a0f-b92,3aeb30ed-8d7,USD,1,USD 231.62
f65713b6-9be,,P138,07-04-2024 14:32,646.7,Bank Transfer,60f4e141-9bd,caf57575-155,GBP,1,GBP 646.70
5ea0cce2-148,HGI7SPS3GWZC,P541,12-05-2024 19:05,210.07,Debit Card,1d1d02a1-c32,41fdb8f7-4ce,CAD,2,CAD 420.14
5ea0cce2-148,HGI7SPS3GWZC,P810,12-05-2024 19:05,616.54,Debit Card,1d1d02a1-c32,41fdb8f7-4ce,CAD,2,CAD 1233.08
5ea0cce2-148,HGI7SPS3GWZC,P696,12-05-2024 19:05,109.85,Debit Card,1d1d02a1-c32,41fdb8f7-4ce,CAD,1,CAD 109.85
04b7765b-8ed,XJY4FNR9RYGD,P143,14-07-2024 13:09,859.34,Credit Card,0e2434db-52f,1c4e6651-389,GBP,2,GBP 1718.68
04b7765b-8ed,XJY4FNR9RYGD,P446,14-07-2024 13:09,544.82,Credit Card,0e2434db-52f,1c4e6651-389,GBP,3,GBP 1634.46
04b7765b-8ed,XJY4FNR9RYGD,P681,14-07-2024 13:09,186.09,Credit Card,0e2434db-52f,1c4e6651-389,GBP,1,GBP 186.09
3569b276-b62,,P816,21-05-2024 10:03,758.67,Debit Card,daa5fad0-d81,0b46dadb-088,CAD,2,CAD 1517.34
3569b276-b62,,P508,21-05-2024 10:03,215.93,Debit Card,daa5fad0-d81,0b46dadb-088,CAD,1,CAD 215.93
3569b276-b62,,P840,21-05-2024 10:03,680.36,Debit Card,daa5fad0-d81,0b46dadb-088,CAD,1,CAD 680.36
c0c3084a-0c4,ZFT1LSW4BEOQ,P753,24-04-2024 01:21,864.62,PayPal,06482ccd-d22,31ed4100-d4f,GBP,2,GBP 1729.24
c0c3084a-0c4,ZFT1LSW4BEOQ,P419,24-04-2024 01:21,580.57,PayPal,06482ccd-d22,31ed4100-d4f,GBP,3,GBP 1741.71
c0c3084a-0c4,ZFT1LSW4BEOQ,P275,24-04-2024 01:21,791.89,PayPal,06482ccd-d22,31ed4100-d4f,GBP,2,GBP 1583.78
c9c2ab15-acb,PYR1JJM4JTAI,P565,09-06-2024 22:18,685.62,PayPal,321be5b5-2df,d2ae0c45-635,CAD,3,CAD 2056.86
1845efaf-e77,XQU2ZLR9GPTH,P834,05-08-2024 07:42,866.9,Debit Card,1d130023-5ec,ac942c1a-872,CAD,1,CAD 866.90
1845efaf-e77,XQU2ZLR9GPTH,P760,05-08-2024 07:42,163.85,Debit Card,1d130023-5ec,ac942c1a-872,CAD,3,CAD 491.55
1845efaf-e77,XQU2ZLR9GPTH,P754,05-08-2024 07:42,485.61,Debit Card,1d130023-5ec,ac942c1a-872,CAD,1,CAD 485.61
8da7adbd-cfb,BKG7ABL1GCBJ,P230,12-08-2024 21:13,128.39,Debit Card,1fb87f4d-fab,219eac60-c84,GBP,3,GBP 385.17
8da7adbd-cfb,BKG7ABL1GCBJ,P419,12-08-2024 21:13,470.08,Debit Card,1fb87f4d-fab,219eac60-c84,GBP,2,GBP 940.16
63438a60-5d5,WWQ7MWC0DKLY,P434,26-08-2024 07:19,833.3,Bank Transfer,3ab086fc-991,c97f21d2-0e0,CAD,2,CAD 1666.60
64d62322-1e7,,P185,11-04-2024 14:06,52.84,PayPal,9234e897-2ac,26481f61-e93,CAD,1,CAD 52.84
4d53674c-b43,JKF3SAS0PVCW,P305,22-02-2024 23:08,516.08,Credit Card,f0c4a76c-5a9,404af58c-ec2,GBP,1,GBP 516.08
4d53674c-b43,JKF3SAS0PVCW,P699,22-02-2024 23:08,676.88,Credit Card,f0c4a76c-5a9,404af58c-ec2,GBP,3,GBP 2030.64
702a30b8-819,CGS6IRV3RJWB,P891,03-06-2024 19:59,464.4,Debit Card,ec08a53b-ee5,ecebbb12-633,USD,2,USD 928.80
9f5b9959-1f5,WCF5CKR2VBKA,P418,30-01-2024 07:15,870.64,Credit Card,f44b3275-e74,642b12e4-8ba,USD,2,USD 1741.28
c126899a-dac,TNP8QAV1QLRF,P270,17-08-2024 14:04,835.98,Bank Transfer,b99f9be3-911,8ff4f80d-084,GBP,2,GBP 1671.96
c126899a-dac,TNP8QAV1QLRF,P408,17-08-2024 14:04,892.3,Bank Transfer,b99f9be3-911,8ff4f80d-084,GBP,1,GBP 892.30
c126899a-dac,TNP8QAV1QLRF,P558,17-08-2024 14:04,978.3,Bank Transfer,b99f9be3-911,8ff4f80d-084,GBP,1,GBP 978.30
1d4fa84e-65d,,P526,20-03-2024 16:43,462.03,PayPal,c1e77892-f78,ac672f73-c2e,USD,3,USD 1386.09
1d4fa84e-65d,,P418,20-03-2024 16:43,793.92,PayPal,c1e77892-f78,ac672f73-c2e,USD,3,USD 2381.76
1d4fa84e-65d,,P638,20-03-2024 16:43,263.47,PayPal,c1e77892-f78,ac672f73-c2e,USD,3,USD 790.41
18aa5e0c-1a2,QAF5RJB9HQQY,P821,11-06-2024 15:26,259.94,Bank Transfer,d10e1d00-744,f8091c3e-bc1,CAD,1,CAD 259.94
18aa5e0c-1a2,QAF5RJB9HQQY,P818,11-06-2024 15:26,913.6,Bank Transfer,d10e1d00-744,f8091c3e-bc1,CAD,2,CAD 1827.20
d53e71ed-f89,,P512,10-06-2024 20:59,43.73,PayPal,43ae43b2-4fd,221a1f89-04e,CAD,3,CAD 131.19
d53e71ed-f89,,P877,10-06-2024 20:59,941.16,PayPal,43ae43b2-4fd,221a1f89-04e,CAD,2,CAD 1882.32
fa85f861-f83,,P802,22-02-2024 01:03,588.23,PayPal,97184714-64d,55d1d96c-3bf,CAD,1,CAD 588.23
fa85f861-f83,,P638,22-02-2024 01:03,871.78,PayPal,97184714-64d,55d1d96c-3bf,CAD,3,CAD 2615.34
a9a4014b-92e,,P558,09-03-2024 21:04,251.24,Bank Transfer,5483f154-1ca,0ed8652c-661,GBP,1,GBP 251.24
87784621-b96,JTR0SHX0NNPR,P208,06-03-2024 17:51,163.3,PayPal,ac585de1-270,609ece85-78f,USD,2,USD 326.60
d99bab95-909,,P112,13-01-2024 06:36,677.37,Debit Card,cdbddc99-a1a,2fbcd5b0-026,USD,1,USD 677.37
d99bab95-909,,P117,13-01-2024 06:36,15.84,Debit Card,cdbddc99-a1a,2fbcd5b0-026,USD,2,USD 31.68
d99bab95-909,,P204,13-01-2024 06:36,228.41,Debit Card,cdbddc99-a1a,2fbcd5b0-026,USD,3,USD 685.23
fee3f6fc-e99,,P595,01-06-2024 10:33,713.79,Credit Card,abfb1f7d-074,5022ae3d-bf4,GBP,1,GBP 713.79
58efbec6-22f,TFU1YJN8NUIP,P819,03-06-2024 06:56,308.4,Bank Transfer,6c958428-c6e,11451e1d-396,USD,2,USD 616.80
58efbec6-22f,TFU1YJN8NUIP,P488,03-06-2024 06:56,275.39,Bank Transfer,6c958428-c6e,11451e1d-396,USD,1,USD 275.39
2fb4d816-a62,,P757,27-06-2024 21:45,575.62,PayPal,e03e219e-5f0,bf4e3b50-71b,USD,2,USD 1151.24
2fb4d816-a62,,P840,27-06-2024 21:45,473.92,PayPal,e03e219e-5f0,bf4e3b50-71b,USD,2,USD 947.84
63f15ff9-df8,WCF5CKR2VBKA,P458,24-01-2024 06:49,810.19,Credit Card,393d1400-c98,1ed14476-a83,USD,2,USD 1620.38
63f15ff9-df8,WCF5CKR2VBKA,P889,24-01-2024 06:49,577.85,Credit Card,393d1400-c98,1ed14476-a83,USD,3,USD 1733.55
63f15ff9-df8,WCF5CKR2VBKA,P508,24-01-2024 06:49,589.54,Credit Card,393d1400-c98,1ed14476-a83,USD,3,USD 1768.62
7f26e320-79b,QXK6DXV4SFYD,P120,21-06-2024 18:27,356.44,Credit Card,d43728b3-342,330b5e9e-5ed,USD,3,USD 1069.32
4d37d62a-d29,DOY2VQF5OIII,P446,23-01-2024 09:19,641.84,Bank Transfer,178bad47-017,ecf73e2b-26e,CAD,2,CAD 1283.68
4d37d62a-d29,DOY2VQF5OIII,P506,23-01-2024 09:19,100.46,Bank Transfer,178bad47-017,ecf73e2b-26e,CAD,1,CAD 100.46
4d37d62a-d29,DOY2VQF5OIII,P853,23-01-2024 09:19,591.78,Bank Transfer,178bad47-017,ecf73e2b-26e,CAD,3,CAD 1775.34
c0c62c4c-250,HPW1IIO4XPHZ,P754,30-03-2024 12:19,459.09,PayPal,96c93777-ab6,e3c83c84-37f,CAD,3,CAD 1377.27
c0c62c4c-250,HPW1IIO4XPHZ,P824,30-03-2024 12:19,293.89,PayPal,96c93777-ab6,e3c83c84-37f,CAD,1,CAD 293.89
f5c21eab-003,DLQ0KYC6MJAE,P795,15-04-2024 17:15,807.3,PayPal,4daf0c78-33a,80341251-e79,USD,1,USD 807.30
f5c21eab-003,DLQ0KYC6MJAE,P356,15-04-2024 17:15,209.46,PayPal,4daf0c78-33a,80341251-e79,USD,2,USD 418.92
f5c21eab-003,DLQ0KYC6MJAE,P473,15-04-2024 17:15,632.2,PayPal,4daf0c78-33a,80341251-e79,USD,1,USD 632.20
2c38e339-2bb,,P171,18-07-2024 08:36,272.13,PayPal,062ed60d-cea,261864f2-8bb,USD,2,USD 544.26
73baf46c-2ad,YPF9XFA7FDNV,P865,13-01-2024 13:02,674.93,Credit Card,1d40578a-2fa,c6e316ce-28d,GBP,3,GBP 2024.79
73baf46c-2ad,YPF9XFA7FDNV,P191,13-01-2024 13:02,362.48,Credit Card,1d40578a-2fa,c6e316ce-28d,GBP,2,GBP 724.96
73baf46c-2ad,YPF9XFA7FDNV,P193,13-01-2024 13:02,525.88,Credit Card,1d40578a-2fa,c6e316ce-28d,GBP,2,GBP 1051.76
fb92ebc6-61c,RYZ1VDW0QFJJ,P272,29-04-2024 16:40,115.26,Credit Card,53fcbbaf-45a,138a9d6f-2f9,CAD,2,CAD 230.52
fb92ebc6-61c,RYZ1VDW0QFJJ,P863,29-04-2024 16:40,742.97,Credit Card,53fcbbaf-45a,138a9d6f-2f9,CAD,1,CAD 742.97
fb92ebc6-61c,RYZ1VDW0QFJJ,P483,29-04-2024 16:40,344.1,Credit Card,53fcbbaf-45a,138a9d6f-2f9,CAD,3,CAD 1032.30
64f5e7a9-5fe,,P781,30-03-2024 04:33,167.06,Debit Card,98a1cdad-45a,bc835438-298,CAD,3,CAD 501.18
3f89da7d-086,UUZ4AAP8DMLN,P288,28-02-2024 08:27,325.77,PayPal,ebb4479a-5e3,150e5d24-d0e,USD,1,USD 325.77
3f89da7d-086,UUZ4AAP8DMLN,P861,28-02-2024 08:27,503.92,PayPal,ebb4479a-5e3,150e5d24-d0e,USD,2,USD 1007.84
0060a910-c72,VAZ4GWR3DRXG,P113,29-04-2024 18:44,56.51,PayPal,85e1fe25-5ab,2a87cc27-83c,USD,2,USD 113.02
72433b6c-c5b,AIJ2AYW1TSZF,P876,09-07-2024 05:29,987.8,Credit Card,d9397343-6a5,ff47e6d9-9ab,GBP,3,GBP 2963.40
72433b6c-c5b,AIJ2AYW1TSZF,P761,09-07-2024 05:29,758.63,Credit Card,d9397343-6a5,ff47e6d9-9ab,GBP,2,GBP 1517.26
72433b6c-c5b,AIJ2AYW1TSZF,P113,09-07-2024 05:29,923.48,Credit Card,d9397343-6a5,ff47e6d9-9ab,GBP,2,GBP 1846.96
